{"cameraMode":{"drawMode":0,"name":"Shaded","section":"Shading Mode"},"sceneLighting":false,"audioPlay":false,"sceneViewState":{"showFog":true,"showMaterialUpdate":false,"showSkybox":false,"showFlares":true,"showImageEffects":true,"showParticleSystems":true},"in2DMode":false,"pivot":{"x":43206.953125,"y":-2063.4580078125,"z":39870.71875},"rotation":{"x":0.016761215403676034,"y":-0.2005196362733841,"z":-0.0033839200623333456,"w":-0.9795662760734558},"size":0.8512343168258667,"orthographic":false}