{"cameraMode":{"drawMode":0,"name":"Shaded","section":"Shading Mode"},"sceneLighting":true,"audioPlay":false,"sceneViewState":{"showFog":true,"showMaterialUpdate":false,"showSkybox":true,"showFlares":true,"showImageEffects":true,"showParticleSystems":true},"in2DMode":false,"pivot":{"x":40448.2109375,"y":-299.0447692871094,"z":39203.29296875},"rotation":{"x":0.04706629365682602,"y":0.9457736015319824,"z":-0.15983499586582185,"w":0.2789440155029297},"size":1157.0633544921875,"orthographic":false}