{"cameraMode":{"drawMode":0,"name":"Shaded","section":"Shading Mode"},"sceneLighting":true,"audioPlay":false,"sceneViewState":{"showFog":true,"showMaterialUpdate":false,"showSkybox":true,"showFlares":true,"showImageEffects":true,"showParticleSystems":true},"in2DMode":false,"pivot":{"x":47.90650939941406,"y":-119.15654754638672,"z":-57.63658142089844},"rotation":{"x":-0.0023232237435877325,"y":0.9424543976783752,"z":-0.3344656527042389,"w":-0.006871840450912714},"size":503.2376708984375,"orthographic":false}