{"cameraMode":{"drawMode":0,"name":"Shaded","section":"Shading Mode"},"sceneLighting":true,"audioPlay":false,"sceneViewState":{"showFog":true,"showMaterialUpdate":false,"showSkybox":true,"showFlares":true,"showImageEffects":true,"showParticleSystems":true},"in2DMode":false,"pivot":{"x":179.89088439941407,"y":-199.8421173095703,"z":13.198087692260743},"rotation":{"x":-0.04594505950808525,"y":0.9343377947807312,"z":-0.3284461498260498,"w":-0.13099296391010285},"size":664.6219482421875,"orthographic":false}