{"cameraMode":{"drawMode":0,"name":"Shaded","section":"Shading Mode"},"sceneLighting":true,"audioPlay":false,"sceneViewState":{"showFog":true,"showMaterialUpdate":false,"showSkybox":true,"showFlares":true,"showImageEffects":true,"showParticleSystems":true},"in2DMode":false,"pivot":{"x":403.1488342285156,"y":-369.35467529296877,"z":-168.98944091796876},"rotation":{"x":0.10041724890470505,"y":0.8718547224998474,"z":-0.43510934710502627,"w":0.20119084417819978},"size":989.9171752929688,"orthographic":false}