{"cameraMode":{"drawMode":0,"name":"Shaded","section":"Shading Mode"},"sceneLighting":true,"audioPlay":false,"sceneViewState":{"showFog":true,"showMaterialUpdate":false,"showSkybox":true,"showFlares":true,"showImageEffects":true,"showParticleSystems":true},"in2DMode":false,"pivot":{"x":3.3026528358459474,"y":15.281522750854493,"z":8.379186630249024},"rotation":{"x":-0.2924468219280243,"y":0.45969030261039736,"z":-0.16355657577514649,"w":-0.8225088715553284},"size":15.446418762207032,"orthographic":false}