{"cameraMode":{"drawMode":0,"name":"Shaded","section":"Shading Mode"},"sceneLighting":true,"audioPlay":false,"sceneViewState":{"showFog":true,"showMaterialUpdate":false,"showSkybox":true,"showFlares":true,"showImageEffects":true,"showParticleSystems":true},"in2DMode":false,"pivot":{"x":214.7349090576172,"y":68.57410430908203,"z":227.72140502929688},"rotation":{"x":0.026463165879249574,"y":0.5841457843780518,"z":-0.019140856340527536,"w":0.8110977411270142},"size":4.943673133850098,"orthographic":false}