{"cameraMode":{"drawMode":0,"name":"Shaded","section":"Shading Mode"},"sceneLighting":true,"audioPlay":false,"sceneViewState":{"showFog":true,"showMaterialUpdate":false,"showSkybox":true,"showFlares":true,"showImageEffects":true,"showParticleSystems":true},"in2DMode":false,"pivot":{"x":200.0424041748047,"y":-435.55670166015627,"z":-117.44305419921875},"rotation":{"x":0.010121304541826249,"y":0.8593930006027222,"z":-0.510947585105896,"w":0.01701200194656849},"size":1527.10791015625,"orthographic":false}