{"cameraMode":{"drawMode":0,"name":"Shaded","section":"Shading Mode"},"sceneLighting":true,"audioPlay":false,"sceneViewState":{"showFog":true,"showMaterialUpdate":false,"showSkybox":true,"showFlares":true,"showImageEffects":true,"showParticleSystems":true},"in2DMode":false,"pivot":{"x":9.62363338470459,"y":11.785006523132325,"z":6.184086322784424},"rotation":{"x":0.1173340380191803,"y":-0.2575124204158783,"z":0.031595587730407718,"w":0.9586477875709534},"size":14.389686584472657,"orthographic":false}