{"cameraMode":{"drawMode":0,"name":"Shaded","section":"Shading Mode"},"sceneLighting":true,"audioPlay":false,"sceneViewState":{"showFog":true,"showMaterialUpdate":false,"showSkybox":true,"showFlares":true,"showImageEffects":true,"showParticleSystems":true},"in2DMode":false,"pivot":{"x":39975.45703125,"y":-105.96435546875,"z":39778.84375},"rotation":{"x":0.06932862102985382,"y":0.9303855895996094,"z":-0.26835179328918459,"w":0.2403787076473236},"size":286.2154846191406,"orthographic":false}